{"cameraMode":{"drawMode":0,"name":"Shaded","section":"Shading Mode"},"sceneLighting":false,"audioPlay":false,"sceneViewState":{"showFog":true,"showMaterialUpdate":false,"showSkybox":true,"showFlares":true,"showImageEffects":true,"showParticleSystems":true},"in2DMode":false,"pivot":{"x":1.424786925315857,"y":0.8498016595840454,"z":6.333747386932373},"rotation":{"x":-0.00749996630474925,"y":-0.0015001151477918029,"z":-0.000009978502930607647,"w":0.9999772906303406},"size":9.359597206115723,"orthographic":false}