{"cameraMode":{"drawMode":0,"name":"Shaded","section":"Shading Mode"},"sceneLighting":false,"audioPlay":false,"sceneViewState":{"showFog":true,"showMaterialUpdate":false,"showSkybox":true,"showFlares":true,"showImageEffects":true,"showParticleSystems":true},"in2DMode":false,"pivot":{"x":0.6192948818206787,"y":0.2020997405052185,"z":0.017135441303253175},"rotation":{"x":-0.0002924245491158217,"y":0.999211311340332,"z":0.03898904100060463,"w":0.007494283374398947},"size":1.18429696559906,"orthographic":true}