{"cameraMode":{"drawMode":0,"name":"Shaded","section":"Shading Mode"},"sceneLighting":false,"audioPlay":false,"sceneViewState":{"showFog":true,"showMaterialUpdate":false,"showSkybox":true,"showFlares":true,"showImageEffects":true,"showParticleSystems":true},"in2DMode":false,"pivot":{"x":0.08048760890960694,"y":0.012711000628769398,"z":0.46292972564697268},"rotation":{"x":-0.0002924245491158217,"y":0.999211311340332,"z":0.03898904100060463,"w":0.007494283374398947},"size":0.13884106278419496,"orthographic":true}