{"cameraMode":{"drawMode":0,"name":"Shaded","section":"Shading Mode"},"sceneLighting":false,"audioPlay":false,"sceneViewState":{"showFog":true,"showMaterialUpdate":false,"showSkybox":true,"showFlares":true,"showImageEffects":true,"showParticleSystems":true},"in2DMode":false,"pivot":{"x":7.085936546325684,"y":2.050929546356201,"z":-17.867467880249025},"rotation":{"x":-0.0731578916311264,"y":0.6375558972358704,"z":-0.06100750342011452,"w":-0.76451575756073},"size":13.718314170837403,"orthographic":true}