{"cameraMode":{"drawMode":0,"name":"Shaded","section":"Shading Mode"},"sceneLighting":false,"audioPlay":false,"sceneViewState":{"showFog":true,"showMaterialUpdate":false,"showSkybox":true,"showFlares":true,"showImageEffects":true,"showParticleSystems":true},"in2DMode":false,"pivot":{"x":0.7833018898963928,"y":0.5018008947372437,"z":-0.5004165768623352},"rotation":{"x":-0.0783408135175705,"y":-0.2494056522846222,"z":0.020238900557160379,"w":-0.9650298357009888},"size":2.0810482501983644,"orthographic":true}