{"cameraMode":{"drawMode":0,"name":"Shaded","section":"Shading Mode"},"sceneLighting":false,"audioPlay":false,"sceneViewState":{"showFog":true,"showMaterialUpdate":false,"showSkybox":true,"showFlares":true,"showImageEffects":true,"showParticleSystems":true},"in2DMode":false,"pivot":{"x":1.7233502864837647,"y":-3.439272403717041,"z":-7.371298789978027},"rotation":{"x":-0.24216385185718537,"y":0.40404340624809267,"z":-0.11182041466236115,"w":-0.8750001192092896},"size":35.29999923706055,"orthographic":true}