{"cameraMode":{"drawMode":0,"name":"Shaded","section":"Shading Mode"},"sceneLighting":false,"audioPlay":false,"sceneViewState":{"showFog":true,"showMaterialUpdate":false,"showSkybox":true,"showFlares":true,"showImageEffects":true,"showParticleSystems":true},"in2DMode":false,"pivot":{"x":1.389530897140503,"y":0.6653140783309937,"z":-0.5825092792510986},"rotation":{"x":-0.013463074341416359,"y":0.07401841133832932,"z":-0.000995463808067143,"w":-0.9971736669540405},"size":3.9014246463775636,"orthographic":true}