{"cameraMode":{"drawMode":0,"name":"Shaded","section":"Shading Mode"},"sceneLighting":false,"audioPlay":false,"sceneViewState":{"showFog":true,"showMaterialUpdate":false,"showSkybox":true,"showFlares":true,"showImageEffects":true,"showParticleSystems":true},"in2DMode":false,"pivot":{"x":0.7321168780326843,"y":0.16750980913639069,"z":0.3474649488925934},"rotation":{"x":0.0009079541778191924,"y":-0.011999947018921376,"z":-0.000010066430149890948,"w":-0.999935507774353},"size":4.2072978019714359,"orthographic":true}