{"cameraMode":{"drawMode":0,"name":"Shaded","section":"Shading Mode"},"sceneLighting":false,"audioPlay":false,"sceneViewState":{"showFog":true,"showMaterialUpdate":false,"showSkybox":true,"showFlares":true,"showImageEffects":true,"showParticleSystems":true},"in2DMode":false,"pivot":{"x":3.632458209991455,"y":-4.080667018890381,"z":-6.849799156188965},"rotation":{"x":0.2644008696079254,"y":0.6323632001876831,"z":-0.2433292269706726,"w":0.6864815950393677},"size":60.17231750488281,"orthographic":true}