{"cameraMode":{"drawMode":0,"name":"Shaded","section":"Shading Mode"},"sceneLighting":false,"audioPlay":false,"sceneViewState":{"showFog":true,"showMaterialUpdate":false,"showSkybox":true,"showFlares":true,"showImageEffects":true,"showParticleSystems":true},"in2DMode":false,"pivot":{"x":0.09038302302360535,"y":0.03256014734506607,"z":0.010336322709918023},"rotation":{"x":0.02099250629544258,"y":-0.023696161806583406,"z":0.0004976901109330356,"w":0.9995004534721375},"size":0.13275253772735597,"orthographic":true}